chr	start	end	startCpG	endCpG	target	name	direction	healthy	nbl
chr1	841279	843260	8436	8474	healthy	chr1:841279-843260	U	NA	0.0
chr1	841279	843260	8436	8474	nbl	chr1:841279-843260	M	NA	1.0
chr1	1207975	1208371	23835	23855	healthy	chr1:1207975-1208371	M	1.0	0.077
chr1	1207975	1208371	23835	23855	nbl	chr1:1207975-1208371	U	0.0	0.923
chr1	1564355	1566234	38025	38195	healthy	chr1:1564355-1566234	U	0.908	0.0
chr1	1564355	1566234	38025	38195	nbl	chr1:1564355-1566234	M	0.066	0.915
chr1	1713523	1715040	43684	43753	healthy	chr1:1713523-1715040	U	0.8	0.0
chr1	1713523	1715040	43684	43753	nbl	chr1:1713523-1715040	M	0.1	0.958
chr1	2004743	2006616	52001	52104	healthy	chr1:2004743-2006616	M	0.842	0.036
chr1	2004743	2006616	52001	52104	nbl	chr1:2004743-2006616	U	0.053	0.964
chr1	2164110	2166111	57819	57886	healthy	chr1:2164110-2166111	U	1.0	0.0
chr1	2164110	2166111	57819	57886	nbl	chr1:2164110-2166111	M	0.0	0.706
chr1	2231575	2233490	59899	59976	nbl	chr1:2231575-2233490	M	0.0	0.73
chr1	2231575	2233490	59899	59976	healthy	chr1:2231575-2233490	U	1.0	0.108
chr1	2252336	2254026	60845	60924	healthy	chr1:2252336-2254026	U	0.579	0.0
chr1	2252336	2254026	60845	60924	nbl	chr1:2252336-2254026	M	0.105	0.769
chr1	2698620	2700585	72598	72624	nbl	chr1:2698620-2700585	U	0.0	0.867
chr1	2698620	2700585	72598	72624	healthy	chr1:2698620-2700585	M	0.6	0.067
chr1	2706897	2707574	72885	72911	nbl	chr1:2706897-2707574	U	0.429	0.929
chr1	2706897	2707574	72885	72911	healthy	chr1:2706897-2707574	M	0.571	0.0
chr1	2724394	2726391	73290	73371	nbl	chr1:2724394-2726391	U	0.0	0.917
chr1	2724394	2726391	73290	73371	healthy	chr1:2724394-2726391	M	0.941	0.0
chr1	2730941	2732440	73490	73536	nbl	chr1:2730941-2732440	U	0.0	1.0
chr1	2730941	2732440	73490	73536	healthy	chr1:2730941-2732440	M	0.833	0.0
chr1	2745515	2747490	73828	73888	healthy	chr1:2745515-2747490	M	1.0	0.0
chr1	2745515	2747490	73828	73888	nbl	chr1:2745515-2747490	U	0.0	1.0
chr1	2751328	2753278	73989	74045	nbl	chr1:2751328-2753278	U	0.125	0.857
chr1	2751328	2753278	73989	74045	healthy	chr1:2751328-2753278	M	0.5	0.0
chr1	2771155	2772886	74404	74493	healthy	chr1:2771155-2772886	M	0.826	0.054
chr1	2771155	2772886	74404	74493	nbl	chr1:2771155-2772886	U	0.0	0.811
chr1	2781344	2783332	74735	74802	healthy	chr1:2781344-2783332	M	0.8	0.0
chr1	2781344	2783332	74735	74802	nbl	chr1:2781344-2783332	U	0.2	1.0
chr1	2784252	2786221	74824	74884	healthy	chr1:2784252-2786221	M	0.571	0.0
chr1	2784252	2786221	74824	74884	nbl	chr1:2784252-2786221	U	0.143	1.0
chr1	2794375	2796267	75091	75155	healthy	chr1:2794375-2796267	M	0.647	0.0
chr1	2794375	2796267	75091	75155	nbl	chr1:2794375-2796267	U	0.176	0.958
chr1	2806925	2808898	75491	75552	nbl	chr1:2806925-2808898	U	0.0	1.0
chr1	2806925	2808898	75491	75552	healthy	chr1:2806925-2808898	M	1.0	0.0
chr1	2809224	2811218	75562	75615	healthy	chr1:2809224-2811218	M	0.923	0.167
chr1	2809224	2811218	75562	75615	nbl	chr1:2809224-2811218	U	0.0	0.5
chr1	2820537	2822300	75856	75919	healthy	chr1:2820537-2822300	M	0.8	0.083
chr1	2820537	2822300	75856	75919	nbl	chr1:2820537-2822300	U	0.2	0.833
chr1	2823637	2825627	75972	76038	healthy	chr1:2823637-2825627	M	1.0	0.0
chr1	2823637	2825627	75972	76038	nbl	chr1:2823637-2825627	U	0.0	0.944
chr1	2828044	2829278	76118	76158	healthy	chr1:2828044-2829278	M	1.0	0.0
chr1	2828044	2829278	76118	76158	nbl	chr1:2828044-2829278	U	0.0	1.0
chr1	2833167	2834325	76234	76283	healthy	chr1:2833167-2834325	M	0.833	0.053
chr1	2833167	2834325	76234	76283	nbl	chr1:2833167-2834325	U	0.167	0.895
chr1	2835728	2837691	76323	76389	nbl	chr1:2835728-2837691	U	0.333	1.0
chr1	2835728	2837691	76323	76389	healthy	chr1:2835728-2837691	M	0.667	0.0
chr1	2840197	2842068	76477	76535	nbl	chr1:2840197-2842068	U	0.25	0.867
chr1	2840197	2842068	76477	76535	healthy	chr1:2840197-2842068	M	0.667	0.133
chr1	2842380	2844307	76542	76576	healthy	chr1:2842380-2844307	M	0.833	0.0
chr1	2842380	2844307	76542	76576	nbl	chr1:2842380-2844307	U	0.0	1.0
chr1	2847164	2848815	76675	76741	healthy	chr1:2847164-2848815	M	0.923	0.0
chr1	2847164	2848815	76675	76741	nbl	chr1:2847164-2848815	U	0.0	0.789
chr1	2887192	2888402	77475	77505	nbl	chr1:2887192-2888402	U	0.0	1.0
chr1	2887192	2888402	77475	77505	healthy	chr1:2887192-2888402	M	0.923	0.0
chr1	2889147	2890542	77522	77558	healthy	chr1:2889147-2890542	M	0.333	0.0
chr1	2889147	2890542	77522	77558	nbl	chr1:2889147-2890542	U	0.556	1.0
chr1	2900115	2902060	77798	77851	healthy	chr1:2900115-2902060	M	0.812	0.095
chr1	2900115	2902060	77798	77851	nbl	chr1:2900115-2902060	U	0.062	0.905
chr1	2916333	2918285	78029	78080	nbl	chr1:2916333-2918285	U	0.0	0.929
chr1	2916333	2918285	78029	78080	healthy	chr1:2916333-2918285	M	0.7	0.0
chr1	2930730	2932000	78377	78417	nbl	chr1:2930730-2932000	U	0.333	0.917
chr1	2930730	2932000	78377	78417	healthy	chr1:2930730-2932000	M	0.5	0.0
chr1	2933518	2935480	78438	78500	healthy	chr1:2933518-2935480	M	0.857	0.0
chr1	2933518	2935480	78438	78500	nbl	chr1:2933518-2935480	U	0.0	1.0
chr1	2938265	2939482	78567	78626	nbl	chr1:2938265-2939482	U	0.0	0.909
chr1	2938265	2939482	78567	78626	healthy	chr1:2938265-2939482	M	1.0	0.0
chr1	2944437	2945976	78698	78753	healthy	chr1:2944437-2945976	M	0.0	0.043
chr1	2944437	2945976	78698	78753	nbl	chr1:2944437-2945976	U	0.846	0.957
chr1	2946003	2947574	78753	78811	healthy	chr1:2946003-2947574	M	1.0	0.0
chr1	2946003	2947574	78753	78811	nbl	chr1:2946003-2947574	U	0.0	0.857
chr1	2953376	2955329	78957	79020	healthy	chr1:2953376-2955329	M	0.778	0.0
chr1	2953376	2955329	78957	79020	nbl	chr1:2953376-2955329	U	0.0	0.933
chr1	2977762	2979730	79273	79341	healthy	chr1:2977762-2979730	M	0.926	0.0
chr1	2977762	2979730	79273	79341	nbl	chr1:2977762-2979730	U	0.0	0.969
chr1	2980307	2982307	79392	79483	healthy	chr1:2980307-2982307	M	0.889	0.0
chr1	2980307	2982307	79392	79483	nbl	chr1:2980307-2982307	U	0.0	0.857
chr1	2991269	2993267	80156	80221	nbl	chr1:2991269-2993267	U	0.0	0.923
chr1	2991269	2993267	80156	80221	healthy	chr1:2991269-2993267	M	0.429	0.0
chr1	3024268	3026264	81117	81139	nbl	chr1:3024268-3026264	U	0.0	1.0
chr1	3024268	3026264	81117	81139	healthy	chr1:3024268-3026264	M	0.857	0.0
chr1	3056080	3057433	82144	82208	nbl	chr1:3056080-3057433	U	0.2	1.0
chr1	3056080	3057433	82144	82208	healthy	chr1:3056080-3057433	M	0.52	0.0
chr1	3150717	3151173	85155	85172	nbl	chr1:3150717-3151173	U	0.0	0.8
chr1	3150717	3151173	85155	85172	healthy	chr1:3150717-3151173	M	1.0	0.0
chr1	3160132	3160767	85466	85488	healthy	chr1:3160132-3160767	M	1.0	0.333
chr1	3160132	3160767	85466	85488	nbl	chr1:3160132-3160767	U	0.0	0.333
chr1	3167969	3169502	85747	85791	healthy	chr1:3167969-3169502	M	0.833	0.0
chr1	3167969	3169502	85747	85791	nbl	chr1:3167969-3169502	U	0.0	0.875
chr1	3187667	3189591	86239	86294	healthy	chr1:3187667-3189591	M	0.882	0.045
chr1	3187667	3189591	86239	86294	nbl	chr1:3187667-3189591	U	0.0	0.682
chr1	3201033	3203030	86646	86704	healthy	chr1:3201033-3203030	M	NA	0.0
chr1	3201033	3203030	86646	86704	nbl	chr1:3201033-3203030	U	NA	1.0
chr1	3205919	3207464	86797	86848	healthy	chr1:3205919-3207464	M	1.0	0.0
chr1	3205919	3207464	86797	86848	nbl	chr1:3205919-3207464	U	0.0	0.824
chr1	3266177	3267739	88336	88374	healthy	chr1:3266177-3267739	M	0.0	0.0
chr1	3266177	3267739	88336	88374	nbl	chr1:3266177-3267739	U	0.0	1.0
chr1	3278073	3280028	88697	88759	healthy	chr1:3278073-3280028	M	1.0	0.083
chr1	3278073	3280028	88697	88759	nbl	chr1:3278073-3280028	U	0.0	0.917
chr1	3283416	3284176	88876	88905	nbl	chr1:3283416-3284176	U	0.222	0.917
chr1	3283416	3284176	88876	88905	healthy	chr1:3283416-3284176	M	0.222	0.083
chr1	3307492	3309008	89462	89512	nbl	chr1:3307492-3309008	U	0.0	1.0
chr1	3307492	3309008	89462	89512	healthy	chr1:3307492-3309008	M	1.0	0.0
chr1	3312155	3314144	89656	89708	healthy	chr1:3312155-3314144	M	0.5	0.0
chr1	3312155	3314144	89656	89708	nbl	chr1:3312155-3314144	U	0.167	1.0
chr1	3318456	3320372	89801	89859	nbl	chr1:3318456-3320372	U	NA	NA
chr1	3318456	3320372	89801	89859	healthy	chr1:3318456-3320372	M	NA	NA
chr1	3327204	3329167	90125	90236	nbl	chr1:3327204-3329167	U	0.045	0.882
chr1	3327204	3329167	90125	90236	healthy	chr1:3327204-3329167	M	0.841	0.039
chr1	3329269	3330662	90248	90288	nbl	chr1:3329269-3330662	U	0.167	0.923
chr1	3329269	3330662	90248	90288	healthy	chr1:3329269-3330662	M	0.833	0.0
chr1	3331089	3333088	90305	90379	healthy	chr1:3331089-3333088	M	0.611	0.0
chr1	3331089	3333088	90305	90379	nbl	chr1:3331089-3333088	U	0.056	0.964
chr1	3342108	3343074	90607	90656	nbl	chr1:3342108-3343074	U	0.0	0.565
chr1	3342108	3343074	90607	90656	healthy	chr1:3342108-3343074	M	1.0	0.087
chr1	3344295	3346243	90689	90757	healthy	chr1:3344295-3346243	M	0.8	0.0
chr1	3344295	3346243	90689	90757	nbl	chr1:3344295-3346243	U	0.04	0.786
chr1	3347994	3349963	90824	90895	nbl	chr1:3347994-3349963	U	0.154	0.882
chr1	3347994	3349963	90824	90895	healthy	chr1:3347994-3349963	M	0.462	0.059
chr1	3612562	3612576	98932	98937	healthy	chr1:3612562-3612576	U	1.0	0.0
chr1	3612562	3612576	98932	98937	nbl	chr1:3612562-3612576	M	0.0	1.0
chr1	3634265	3634919	99614	99645	healthy	chr1:3634265-3634919	U	0.867	0.0
chr1	3634265	3634919	99614	99645	nbl	chr1:3634265-3634919	M	0.067	0.957
chr1	3691041	3691406	101170	101181	healthy	chr1:3691041-3691406	M	NA	NA
chr1	3691041	3691406	101170	101181	nbl	chr1:3691041-3691406	U	NA	NA
chr1	3774383	3774552	103200	103212	nbl	chr1:3774383-3774552	M	0.0	0.471
chr1	3774383	3774552	103200	103212	healthy	chr1:3774383-3774552	U	1.0	0.412
chr1	4670365	4672186	114016	114043	nbl	chr1:4670365-4672186	U	0.0	0.857
chr1	4670365	4672186	114016	114043	healthy	chr1:4670365-4672186	M	0.714	0.143
chr1	4771399	4771877	116121	116154	nbl	chr1:4771399-4771877	M	0.0	0.833
chr1	4771399	4771877	116121	116154	healthy	chr1:4771399-4771877	U	1.0	0.0
chr1	6265591	6267588	138072	138208	nbl	chr1:6265591-6267588	M	0.0	0.942
chr1	6265591	6267588	138072	138208	healthy	chr1:6265591-6267588	U	0.957	0.022
chr1	6518950	6520714	145394	145449	nbl	chr1:6518950-6520714	M	0.0	0.833
chr1	6518950	6520714	145394	145449	healthy	chr1:6518950-6520714	U	1.0	0.0
chr1	6525171	6526470	145600	145672	nbl	chr1:6525171-6526470	M	0.0	0.9
chr1	6525171	6526470	145600	145672	healthy	chr1:6525171-6526470	U	1.0	0.0
chr1	7021946	7023865	155422	155509	healthy	chr1:7021946-7023865	U	1.0	0.0
chr1	7021946	7023865	155422	155509	nbl	chr1:7021946-7023865	M	0.0	0.957
chr1	7108571	7110506	156811	156859	nbl	chr1:7108571-7110506	M	0.5	1.0
chr1	7108571	7110506	156811	156859	healthy	chr1:7108571-7110506	U	0.0	0.0
chr1	7128265	7130266	157213	157270	healthy	chr1:7128265-7130266	U	0.769	0.143
chr1	7128265	7130266	157213	157270	nbl	chr1:7128265-7130266	M	0.077	0.857
chr1	7481456	7483445	161864	161898	healthy	chr1:7481456-7483445	U	NA	NA
chr1	7481456	7483445	161864	161898	nbl	chr1:7481456-7483445	M	NA	NA
chr1	7689810	7691768	165419	165456	nbl	chr1:7689810-7691768	U	0.0	1.0
chr1	7689810	7691768	165419	165456	healthy	chr1:7689810-7691768	M	0.889	0.0
chr1	7832067	7833537	168351	168380	healthy	chr1:7832067-7833537	U	0.0	0.0
chr1	7832067	7833537	168351	168380	nbl	chr1:7832067-7833537	M	1.0	1.0
chr1	8219437	8220623	174329	174357	healthy	chr1:8219437-8220623	M	0.818	0.6
chr1	8219437	8220623	174329	174357	nbl	chr1:8219437-8220623	U	0.0	0.2
chr1	8453473	8455408	178876	178893	healthy	chr1:8453473-8455408	U	1.0	0.0
chr1	8453473	8455408	178876	178893	nbl	chr1:8453473-8455408	M	0.0	1.0
