"DMR","MethylDiff","AveExpr","t","P.Value","adj.P.Val","B","Contrast","healthy","nbl"
"7:157484875-157484929",-0.932566666666667,0.48005,-27.4171155400445,1.63526800703767e-06,0.000100387009011302,5.65241292001335,"healthy-all",0.0137666666666667,0.946333333333333
"1:16554402-16554459",-0.880066666666667,0.530433333333333,-27.3778878421389,1.64661562046204e-06,0.000100929768115109,5.64424547635823,"healthy-all",0.0904,0.970466666666667
"7:3083400-3083445",-0.906033333333333,0.453016666666667,-27.3662458117018,1.6500016148951e-06,0.000100983609473314,5.64181922422822,"healthy-all",0,0.906033333333333
"6:74024433-74024483",-0.741566666666666,0.591416666666667,-27.3515609347991,1.65428456949143e-06,0.000101092099996949,5.63875731805112,"healthy-all",0.220633333333333,0.9622
"11:2883698-2883770",-0.826366666666667,0.562816666666667,-27.2478668383732,1.68491198123128e-06,0.000102664109343293,5.61708820429295,"healthy-all",0.149633333333333,0.976
"10:88392026-88392094",-0.910933333333333,0.455466666666667,-27.2472111798339,1.68510780154247e-06,0.000102664109343293,5.61695092135549,"healthy-all",0,0.910933333333333
"17:17603643-17603700",-0.456666666666667,0.7237,-27.1801072899015,1.70529499653662e-06,0.000103737061639768,5.60288264326145,"healthy-all",0.495366666666667,0.952033333333333
"12:6184467-6184556",-0.910266666666666,0.487166666666667,-27.1600058641014,1.71139883493378e-06,0.000103951346126121,5.59866146142338,"healthy-all",0.0320333333333333,0.9423
"2:232526882-232526944",-0.9191,0.461283333333333,-27.1425943378364,1.71670716425921e-06,0.000104116738270908,5.59500255286163,"healthy-all",0.00173333333333333,0.920833333333333
"12:6882913-6882973",-0.873133333333333,0.524966666666667,-27.0615451205308,1.74167964069897e-06,0.000105472452346749,5.57793890379933,"healthy-all",0.0884,0.961533333333333
"5:172110966-172111013",-0.516166666666667,0.719983333333333,-27.0182304386182,1.75520494884708e-06,0.000106131919662193,5.56879818111352,"healthy-all",0.4619,0.978066666666667
"19:30713762-30713808",-0.9307,0.481416666666667,-26.9245538449751,1.78489140196924e-06,0.000107765159893108,5.54897808933958,"healthy-all",0.0160666666666667,0.946766666666667
"18:72191913-72191980",-0.502,0.710233333333333,-26.8310610641256,1.81512480389396e-06,0.000109426483499421,5.52912632376183,"healthy-all",0.459233333333333,0.961233333333333
"20:3052495-3052616",-0.927,0.4635,-26.7980546661891,1.82594541364454e-06,0.000109914271678444,5.52210099314852,"healthy-all",0,0.927
"19:52996475-52996577",-0.829733333333333,0.486133333333333,-26.7528486850921,1.84089184691346e-06,0.000110648590398585,5.51246461951148,"healthy-all",0.0712666666666667,0.901
"7:37392953-37393048",-0.9112,0.528133333333333,-26.6128566273336,1.88812148507761e-06,0.000113318241915887,5.48251700050534,"healthy-all",0.0725333333333333,0.983733333333333
"12:113515860-113515906",-0.690933333333333,0.617733333333333,-26.5212516879864,1.91981757742548e-06,0.000115049067947175,5.46283314228093,"healthy-all",0.272266666666667,0.9632
"14:105663219-105663292",-0.938266666666667,0.473566666666667,-26.5121429147568,1.92300420148419e-06,0.000115068799699807,5.46087206921749,"healthy-all",0.00443333333333333,0.9427
"10:77155864-77155930",-0.893433333333333,0.521716666666667,-26.4613997184119,1.94087334178454e-06,0.000115965742354607,5.44993468488256,"healthy-all",0.075,0.968433333333333
"4:191043189-191043226",-0.183766666666667,0.88015,-26.3775260351162,1.97084999784837e-06,0.000117528278145956,5.43180911187202,"healthy-all",0.788266666666667,0.972033333333333
"8:1649614-1649701",-0.956,0.478,-26.3719522864243,1.97286176222757e-06,0.000117528278145956,5.43060250600752,"healthy-all",0,0.956
"14:58863105-58863175",-0.864266666666667,0.449633333333333,-26.3299288310177,1.98810942912887e-06,0.000118219172511097,5.42149686078456,"healthy-all",0.0175,0.881766666666667
"2:121345268-121345302",-0.8712,0.460866666666667,-26.3238398759023,1.99033048502704e-06,0.000118219172511097,5.4201762733861,"healthy-all",0.0252666666666667,0.896466666666667
"1:19992124-19992185",-0.657866666666666,0.374166666666667,-26.2175204903376,2.02959847322872e-06,0.000120374020788504,5.3970670091791,"healthy-all",0.0452333333333333,0.7031
"9:140918306-140918367",-0.851433333333333,0.55155,-26.1028537288672,2.07300056780162e-06,0.000122767361567558,5.37203580501055,"healthy-all",0.125833333333333,0.977266666666667
"12:38553016-38553120",0.782433333333333,0.467283333333333,26.0329914145147,2.09999227151355e-06,0.000124183243415745,5.35673007401198,"healthy-all",0.8585,0.0760666666666667
"13:110436915-110436968",0.4628,0.2453,26.0033651717218,2.1115662676688e-06,0.000124684582353798,5.35022676205468,"healthy-all",0.4767,0.0139
"7:23245820-23245863",-0.855566666666666,0.532283333333333,-25.9089528598443,2.14896618183071e-06,0.000126707199280387,5.3294515595258,"healthy-all",0.1045,0.960066666666667
"10:105344631-105344692",-0.895266666666666,0.5349,-25.8428156998821,2.17564118449731e-06,0.000128092465118262,5.3148521590891,"healthy-all",0.0872666666666667,0.982533333333333
"14:69095026-69095081",-0.773833333333333,0.584916666666667,-25.8175704187445,2.18592840064623e-06,0.000128510252003539,5.30926935030322,"healthy-all",0.198,0.971833333333333
"2:240230808-240230882",0.8637,0.495983333333333,25.6676953193085,2.24822216686935e-06,0.000131979817612239,5.27601046377116,"healthy-all",0.927833333333333,0.0641333333333333
"19:1468221-1468265",-0.847466666666667,0.524066666666667,-25.5851944823391,2.28342504866253e-06,0.000133851252015558,5.25761802523957,"healthy-all",0.100333333333333,0.9478
"22:51042936-51043007",-0.699166666666667,0.634783333333333,-25.5332497975609,2.30593051531324e-06,0.000134974022939214,5.24600661907896,"healthy-all",0.2852,0.984366666666667
"19:1363130-1363189",-0.735933333333333,0.512833333333333,-25.5067820230708,2.31750063278733e-06,0.000135454380236543,5.24008090664545,"healthy-all",0.144866666666667,0.8808
"22:30476149-30476253",-0.782,0.5348,-25.4832932247554,2.32782713391901e-06,0.000135860763058047,5.23481688855053,"healthy-all",0.1438,0.9258
"5:175305736-175305806",-0.8609,0.507483333333333,-25.4268017568094,2.35289060146754e-06,0.000137124829828798,5.22213644892275,"healthy-all",0.0770333333333333,0.937933333333333
"16:3639229-3639299",-0.591866666666667,0.657466666666667,-25.3538591708115,2.38573552363517e-06,0.00013883808565363,5.20572075965674,"healthy-all",0.361533333333333,0.9534
"16:54967472-54967530",-0.861366666666667,0.557516666666667,-25.3435454482622,2.39042407798129e-06,0.000138910199198246,5.20339578064889,"healthy-all",0.126833333333333,0.9882
"10:126840374-126840422",-0.789466666666667,0.5655,-25.1557556782952,2.47776504907436e-06,0.000143778207912498,5.16089380734237,"healthy-all",0.170766666666667,0.960233333333333
"8:49309169-49309244",-0.774366666666666,0.555383333333333,-25.0839646844412,2.51216758704217e-06,0.000145564749493202,5.14456013693748,"healthy-all",0.1682,0.942566666666667
"1:1564794-1564856",-0.842166666666667,0.517883333333333,-25.0712138167958,2.51833787543888e-06,0.000145712621525573,5.14165412359601,"healthy-all",0.0968,0.938966666666667
"21:31865399-31865482",0.831633333333333,0.45495,25.0045800818353,2.55088126135005e-06,0.000147383844011231,5.12644331786822,"healthy-all",0.870766666666667,0.0391333333333333
"10:120353936-120353982",-0.794166666666666,0.589883333333333,-24.8945641894723,2.6057281159958e-06,0.000150337073007546,5.101238990662,"healthy-all",0.1928,0.986966666666667
"7:96619039-96619090",-0.8551,0.533016666666667,-24.8661523548296,2.62012251261943e-06,0.000150951292855074,5.09471151571144,"healthy-all",0.105466666666667,0.960566666666667
"2:219866403-219866445",-0.932133333333333,0.5166,-24.8525875366684,2.62702868158062e-06,0.000151132960051333,5.09159239250532,"healthy-all",0.0505333333333333,0.982666666666667
"1:110611515-110611559",-0.8936,0.487133333333333,-24.8112539412099,2.6482082062765e-06,0.000152134083701799,5.08207737427036,"healthy-all",0.0403333333333333,0.933933333333333
"2:11810211-11810269",-0.8215,0.43085,-24.7800369950747,2.66434033782513e-06,0.000152842805903926,5.07488052824263,"healthy-all",0.0201,0.8416
"12:113013363-113013452",-0.757066666666667,0.532166666666667,-24.7509634639041,2.679471377227e-06,0.000153492164768575,5.06816953875933,"healthy-all",0.153633333333333,0.9107
"22:39631786-39631883",-0.805266666666666,0.572733333333333,-24.709706767844,2.70112108591931e-06,0.000154512567117978,5.05863256851794,"healthy-all",0.1701,0.975366666666667
"9:136404903-136404992",-0.7609,0.587616666666667,-24.6629024197156,2.7259376166443e-06,0.000155710969872174,5.04779358336545,"healthy-all",0.207166666666667,0.968066666666667
"1:156893961-156894021",-0.850633333333333,0.48245,-24.498782180329,2.81515488804489e-06,0.00016057946529243,5.00962071325971,"healthy-all",0.0571333333333333,0.907766666666667
"16:67687529-67687611",0.823,0.4389,24.4507113345524,2.84194984790874e-06,0.000161878588861574,4.99839069202101,"healthy-all",0.8504,0.0274
"19:591199-591260",-0.739366666666667,0.549016666666667,-24.4012869457036,2.86982022980892e-06,0.000163235212534795,4.98682107127612,"healthy-all",0.179333333333333,0.9187
"1:110611592-110611665",-0.901466666666667,0.484666666666667,-24.3424982015452,2.90340107870952e-06,0.000164912362257703,4.97302836308303,"healthy-all",0.0339333333333333,0.9354
"2:74730717-74730802",-0.850666666666667,0.535766666666667,-24.3166468814988,2.91831738518257e-06,0.00016552614002632,4.96695255773301,"healthy-all",0.110433333333333,0.9611
"2:636724-636780",-0.6948,0.630666666666667,-24.2675197511623,2.94691911558827e-06,0.000166913332916815,4.95538818349615,"healthy-all",0.283266666666667,0.978066666666667
"1:35331575-35331656",-0.907466666666666,0.453733333333333,-24.1782328107825,2.99977127388718e-06,0.0001694973016618,4.93430938115183,"healthy-all",0,0.907466666666667
"1:156358413-156358493",-0.908066666666667,0.495666666666667,-24.1762499305497,3.00095791226599e-06,0.0001694973016618,4.93384036847036,"healthy-all",0.0416333333333333,0.9497
"7:36011266-36011313",-0.838866666666667,0.5561,-24.135695083308,3.02535211845219e-06,0.000170635791543681,4.92423932208363,"healthy-all",0.136666666666667,0.975533333333333
"1:79472408-79472438",-0.8472,0.518466666666667,-24.0320681967001,3.08877801515316e-06,0.00017396948174578,4.89963197064743,"healthy-all",0.0948666666666667,0.942066666666667
"11:73053962-73053999",0.906466666666667,0.4806,23.9008194377707,3.17142490188634e-06,0.000178374933273554,4.868310681703,"healthy-all",0.933833333333333,0.0273666666666667
"19:18980719-18980798",-0.906266666666667,0.5199,-23.8344139272739,3.21425418327812e-06,0.000180531701833742,4.85239717767787,"healthy-all",0.0667666666666667,0.973033333333333
"14:74057461-74057498",-0.130066666666667,0.916333333333333,-23.7639804012038,3.2604450909101e-06,0.000182871008713149,4.83546924787095,"healthy-all",0.8513,0.981366666666667
"9:141045017-141045111",-0.657033333333333,0.62355,-23.6170282767371,3.3594182460703e-06,0.000188160128216269,4.79998675988845,"healthy-all",0.295033333333333,0.952066666666667
"7:2289038-2289096",-0.911066666666666,0.515366666666667,-23.6082082436222,3.36547288223831e-06,0.000188237442278638,4.79785000603684,"healthy-all",0.0598333333333333,0.9709
"4:778877-778987",-0.505433333333333,0.697616666666667,-23.5501230248761,3.40567624956355e-06,0.000189989054846251,4.78375798983757,"healthy-all",0.4449,0.950333333333333
"10:134598092-134598132",-0.866833333333333,0.459616666666667,-23.5493355413836,3.4062252638125e-06,0.000189989054846251,4.78356669747422,"healthy-all",0.0262,0.893033333333333
"11:67806426-67806469",-0.897066666666667,0.448533333333333,-23.5400889662024,3.41267973072443e-06,0.00019008578898479,4.78132007190954,"healthy-all",0,0.897066666666667
"12:122016590-122016638",-0.799266666666667,0.498366666666667,-23.3401725269919,3.5558997295785e-06,0.000197789555262232,4.73252720218709,"healthy-all",0.0987333333333333,0.898
"18:34823779-34823894",-0.829233333333333,0.55175,-23.3307750058212,3.56280845781185e-06,0.000197900495730401,4.73022319675728,"healthy-all",0.137133333333333,0.966366666666667
"17:1901999-1902069",-0.885466666666667,0.493133333333333,-23.2238837252125,3.64254017247003e-06,0.00020205059956686,4.70395027942082,"healthy-all",0.0504,0.935866666666667
"11:608946-609017",-0.2448,0.818433333333333,-23.1905894564231,3.66781258927208e-06,0.000203172600801342,4.69574188377318,"healthy-all",0.696033333333333,0.940833333333333
"3:122640689-122640753",-0.9299,0.51345,-23.1423138558486,3.70483292852306e-06,0.000204941383055703,4.68381880765135,"healthy-all",0.0485,0.9784
"17:15652986-15653050",-0.698966666666667,0.62755,-23.1247641273373,3.71840243337804e-06,0.000205409855136581,4.67947815941908,"healthy-all",0.278066666666667,0.977033333333333
"20:56194186-56194250",-0.912066666666667,0.4718,-23.1142066656085,3.72659433167788e-06,0.000205580384015068,4.67686533484537,"healthy-all",0.0157666666666667,0.927833333333333
"19:34311459-34311515",-0.889833333333333,0.444916666666667,-23.0029545043668,3.81425373773327e-06,0.000210128334161774,4.64925848121857,"healthy-all",0,0.889833333333333
"7:155596860-155596897",-0.111533333333333,0.0574666666666667,-22.9369866052229,3.86740527879027e-06,0.000212765407079458,4.63282503150905,"healthy-all",0.0017,0.113233333333333
"16:67428540-67428621",-0.873566666666666,0.539483333333333,-22.8428719737298,3.94478793524262e-06,0.000216726541528179,4.6092971107564,"healthy-all",0.1027,0.976266666666667
"19:46997017-46997056",-0.908366666666667,0.459283333333333,-22.7948888867566,3.98495775646707e-06,0.000218635195927365,4.59726404318836,"healthy-all",0.0051,0.913466666666667
"17:6606244-6606328",0.855333333333333,0.444266666666667,22.7586693725039,4.01560606725143e-06,0.000220016968618071,4.5881640776277,"healthy-all",0.871933333333333,0.0166
"12:49658345-49658374",-0.900433333333333,0.452783333333333,-22.7160273478782,4.05205362893036e-06,0.000221712298492737,4.57743175006221,"healthy-all",0.00256666666666667,0.903
"8:102505530-102505597",-0.8881,0.531483333333333,-22.6241768226418,4.1319238006459e-06,0.00022577571692783,4.55424524534053,"healthy-all",0.0874333333333333,0.975533333333333
"4:3534682-3534718",-0.8714,0.497266666666667,-22.6131829510644,4.1416102301604e-06,0.000225998354442804,4.55146362430079,"healthy-all",0.0615666666666667,0.932966666666667
"12:50355105-50355162",-0.8253,0.43985,-22.492329157168,4.24991497774554e-06,0.000231594487237876,4.5207955706367,"healthy-all",0.0272,0.8525
"12:115173645-115173757",-0.931066666666667,0.509966666666667,-22.4378618433092,4.29983999878618e-06,0.00023393139290541,4.50691953985765,"healthy-all",0.0444333333333333,0.9755
"19:51190108-51190198",-0.8833,0.523416666666667,-22.4276557314174,4.30927337897914e-06,0.00023393139290541,4.50431566806829,"healthy-all",0.0817666666666667,0.965066666666667
"11:62694679-62694763",-0.8643,0.49525,-22.426627047709,4.31022556022484e-06,0.00023393139290541,4.50405315514929,"healthy-all",0.0631,0.9274
"12:49735757-49735842",-0.838666666666667,0.4671,-22.3471889069695,4.38452729868262e-06,0.000237643740033981,4.4837443801572,"healthy-all",0.0477666666666667,0.886433333333333
"19:55944676-55944764",-0.801633333333333,0.514616666666667,-22.2597634113859,4.46809051425557e-06,0.000241847410080089,4.46130940271791,"healthy-all",0.1138,0.915433333333333
"17:18907127-18907226",-0.792500000000001,0.575516666666667,-22.2437944975332,4.48356039410358e-06,0.000241976317010657,4.45720190894372,"healthy-all",0.179266666666667,0.971766666666667
"2:45176480-45176550",-0.8029,0.56165,-22.2424115725947,4.48490313447144e-06,0.000241976317010657,4.4568460559733,"healthy-all",0.1602,0.9631
"11:430249-430333",0.863866666666667,0.5067,22.2387114259873,4.48849814524002e-06,0.000241976317010657,4.45589382814631,"healthy-all",0.938633333333333,0.0747666666666667
"17:1901847-1901911",-0.925733333333333,0.484566666666667,-22.1545681372226,4.57119516307646e-06,0.000246105080765043,4.43419651598381,"healthy-all",0.0217,0.947433333333333
"12:49374247-49374313",-0.189,0.0945,-22.1371451122958,4.58854729717683e-06,0.000246709463557554,4.42969342761261,"healthy-all",0,0.189
"5:149546597-149546671",-0.8051,0.57655,-22.1303450266936,4.59534122739161e-06,0.000246745315424383,4.42793493599988,"healthy-all",0.174,0.9791
"10:134597818-134597914",-0.844566666666666,0.49265,-22.0841302475253,4.64183647150549e-06,0.000248909982082553,4.41596944548871,"healthy-all",0.0703666666666667,0.914933333333333
"9:633179-633262",0.837066666666667,0.546733333333333,21.9634590296975,4.76593679066564e-06,0.000255224787894808,4.3846072789399,"healthy-all",0.965266666666667,0.1282
"1:209979613-209979664",-0.904733333333333,0.471166666666667,-21.7928999000069,4.94822981405757e-06,0.000264635010414226,4.33998264018931,"healthy-all",0.0188,0.923533333333333
"12:56474209-56474281",-0.4253,0.223916666666667,-21.7513233034798,4.99393226793623e-06,0.000266724995175146,4.32905144950356,"healthy-all",0.0112666666666667,0.436566666666667
"6:164051833-164051904",-0.882766666666667,0.533483333333333,-21.7018800077198,5.04894549081135e-06,0.000269306071338363,4.31602461664718,"healthy-all",0.0921,0.974866666666667
"14:105202800-105202879",-0.762733333333333,0.462833333333333,-21.6229947485361,5.13823635079958e-06,0.000273706238205092,4.29517886589815,"healthy-all",0.0814666666666667,0.8442
"22:51042647-51042742",-0.892333333333333,0.532466666666667,-21.6042068791835,5.15978208811216e-06,0.000274490864557946,4.29020283650152,"healthy-all",0.0863,0.978633333333333
"12:3948054-3948093",-0.4569,0.744983333333333,-21.594340440595,5.17114038042484e-06,0.000274732182401172,4.28758793755629,"healthy-all",0.516533333333333,0.973433333333333
"12:132908090-132908184",0.863233333333333,0.487716666666667,21.5829248751021,5.18431962555153e-06,0.000275061723699928,4.2845609769986,"healthy-all",0.919333333333333,0.0561
"16:88497124-88497204",-0.934166666666667,0.467083333333333,-21.5771486266422,5.19100370022957e-06,0.000275061723699928,4.28302872989828,"healthy-all",0,0.934166666666667
"5:134826411-134826494",-0.885033333333333,0.482716666666667,-21.5665710125865,5.20327066832256e-06,0.000275175677215918,4.28022177212702,"healthy-all",0.0402,0.925233333333333
"5:140263211-140263261",-0.510966666666667,0.724216666666667,-21.5635156986703,5.20682044246553e-06,0.000275175677215918,4.279410733083,"healthy-all",0.468733333333333,0.9797
"14:70039624-70039692",-0.674466666666667,0.641266666666667,-21.5206731005299,5.25690496858494e-06,0.000277194851266072,4.26802591802042,"healthy-all",0.304033333333333,0.9785
"1:1566130-1566196",-0.817533333333334,0.500933333333333,-21.5190674055645,5.25879333434182e-06,0.000277194851266072,4.26759878516534,"healthy-all",0.0921666666666667,0.9097
"7:154705970-154706038",-0.874633333333333,0.535716666666667,-21.4935334902224,5.28893235593377e-06,0.000278419078308247,4.26080217591858,"healthy-all",0.0984,0.973033333333333
"16:67687104-67687143",0.718766666666667,0.389516666666667,21.4592047820602,5.32978079296759e-06,0.000279952908772889,4.25165179200415,"healthy-all",0.7489,0.0301333333333333
"19:18980048-18980093",-0.596533333333333,0.685966666666667,-21.4573715074422,5.33197290925991e-06,0.000279952908772889,4.25116271606208,"healthy-all",0.3877,0.984233333333333
"16:49872702-49872825",-0.9258,0.5085,-21.4232883644021,5.37292581473059e-06,0.000281735801412781,4.242062466674,"healthy-all",0.0456,0.9714
"2:198029295-198029359",-0.474733333333333,0.741166666666667,-21.3966204872662,5.40523314355456e-06,0.000283061305492959,4.23493197073421,"healthy-all",0.5038,0.978533333333333
"1:32054605-32054656",-0.762366666666667,0.593016666666667,-21.3273787464985,5.49021580103683e-06,0.000287138286394226,4.21637631353701,"healthy-all",0.211833333333333,0.9742
"15:29967492-29967600",-0.941033333333333,0.517916666666667,-21.1659739836674,5.69464101788206e-06,0.00029744343505983,4.17288690541193,"healthy-all",0.0474,0.988433333333333
"7:75912271-75912336",-0.9242,0.475433333333333,-21.1389607604279,5.72974341063984e-06,0.000298889244676007,4.16557592087772,"healthy-all",0.0133333333333333,0.937533333333333
"14:105189908-105189966",-0.796233333333333,0.504883333333333,-21.1282104672744,5.74378533581798e-06,0.000299234125819826,4.16266380714429,"healthy-all",0.106766666666667,0.903
"13:114875309-114875404",0.790766666666667,0.516716666666667,21.1123934699003,5.7645207440864e-06,0.000299926375820547,4.15837648946017,"healthy-all",0.9121,0.121333333333333
"14:100784752-100784780",-0.9156,0.511866666666667,-21.0532385089938,5.84287353606404e-06,0.000303601015104762,4.14231351577691,"healthy-all",0.0540666666666667,0.969666666666667
"10:135259986-135260031",-0.3127,0.81305,-21.0477377684923,5.85022442256948e-06,0.000303601015104762,4.14081754463113,"healthy-all",0.6567,0.9694
"11:1578184-1578241",-0.809866666666667,0.574566666666667,-21.0319537861504,5.87137916511626e-06,0.000304306705737962,4.13652278732856,"healthy-all",0.169633333333333,0.9795
"3:62363041-62363120",-0.8762,0.547033333333333,-21.0142880857723,5.89516523951551e-06,0.000305146785810449,4.13171219237448,"healthy-all",0.108933333333333,0.985133333333333
"12:52626748-52626845",-0.773433333333333,0.579183333333333,-21.004227654034,5.90876300967944e-06,0.000305412035967645,4.12897079858292,"healthy-all",0.192466666666667,0.9659
"5:178548140-178548188",-0.241933333333333,0.8186,-20.9992849269361,5.91545747696266e-06,0.000305412035967645,4.12762345999757,"healthy-all",0.697633333333333,0.939566666666667
"3:122641273-122641324",-0.851033333333334,0.556383333333333,-20.9824166433921,5.93837287341321e-06,0.000306202578726278,4.12302294015116,"healthy-all",0.130866666666667,0.9819
"6:166267976-166268067",-0.8516,0.488466666666667,-20.9432692469607,5.99196737832173e-06,0.000308570995258817,4.11233190882983,"healthy-all",0.0626666666666667,0.914266666666667
"17:36718271-36718330",-0.9033,0.520283333333333,-20.9137389473267,6.03278129765115e-06,0.000310276035297202,4.10425403006417,"healthy-all",0.0686333333333333,0.971933333333333
"19:46443597-46443656",-0.7184,0.6166,-20.8923640997971,6.06253246124165e-06,0.00031109758931307,4.09839991160088,"healthy-all",0.2574,0.9758
"15:31775845-31775919",-0.875966666666667,0.515616666666667,-20.8911660651877,6.06420520003873e-06,0.00031109758931307,4.0980716178712,"healthy-all",0.0776333333333333,0.9536
"1:110754612-110754651",-0.761466666666667,0.5804,-20.830105204293,6.15020127146828e-06,0.000315107831301907,4.08131429674492,"healthy-all",0.199666666666667,0.961133333333333
"5:140782688-140782792",-0.787033333333333,0.580183333333333,-20.821510410226,6.16242343724958e-06,0.000315332851641014,4.07895162682289,"healthy-all",0.186666666666667,0.9737
"2:220313901-220313965",-0.809066666666667,0.4351,-20.7807178777361,6.22083248514016e-06,0.00031791769671203,4.06772462137199,"healthy-all",0.0305666666666667,0.839633333333333
"14:51339024-51339103",-0.839633333333333,0.455383333333333,-20.6497177635351,6.41296644612821e-06,0.000327028653028561,4.03152084187948,"healthy-all",0.0355666666666667,0.8752
"21:47010224-47010299",-0.925366666666667,0.482283333333333,-20.6481211380488,6.41535188827105e-06,0.000327028653028561,4.03107817592895,"healthy-all",0.0196,0.944966666666667
"5:149546814-149546864",-0.817933333333333,0.546466666666667,-20.6260789740307,6.44839346265891e-06,0.000328297412306874,4.02496346467787,"healthy-all",0.1375,0.955433333333333
"12:52215819-52215891",-0.5109,0.70585,-20.6130643550886,6.46799879779294e-06,0.000328879772204444,4.02135001418533,"healthy-all",0.4504,0.9613
"1:6511938-6512019",0.8077,0.512816666666667,20.6044363540688,6.48103565550329e-06,0.000329127095690761,4.01895323098609,"healthy-all",0.916666666666667,0.108966666666667
"1:36788106-36788196",-0.8818,0.522133333333333,-20.5806892374838,6.51708110223179e-06,0.000330540772125915,4.0123513052289,"healthy-all",0.0812333333333333,0.963033333333333
"5:140811605-140811674",-0.806633333333333,0.56335,-20.5676002371495,6.53705190122253e-06,0.000331136625300795,4.00870918187454,"healthy-all",0.160033333333333,0.966666666666667
"20:57267676-57267714",-0.8601,0.49965,-20.5110974914144,6.62411214892071e-06,0.000335125151192444,3.99296019171517,"healthy-all",0.0696,0.9297
"10:88296558-88296617",-0.8604,0.5112,-20.4236198072269,6.76166944133865e-06,0.000341655194569823,3.96849184999658,"healthy-all",0.081,0.9414
"12:58131912-58131997",0.817533333333333,0.440666666666667,20.4122199529835,6.77984774491676e-06,0.000341860379679715,3.96529549372498,"healthy-all",0.849433333333333,0.0319
"2:220312963-220313067",-0.816766666666667,0.581283333333333,-20.4104294522332,6.78270823580473e-06,0.000341860379679715,3.96479330087663,"healthy-all",0.1729,0.989666666666667
"17:36718483-36718581",-0.8583,0.55205,-20.3377167083835,6.9001109473062e-06,0.00034734295994871,3.94436184349179,"healthy-all",0.1229,0.9812
"10:22541738-22541794",-0.898033333333334,0.45365,-20.3107954885195,6.94419778972595e-06,0.000349125829201066,3.93677877704563,"healthy-all",0.00463333333333333,0.902666666666667
"17:1389556-1389672",-0.4087,0.305716666666667,-20.2972100949041,6.9665742760184e-06,0.000349814105572989,3.93294828450379,"healthy-all",0.101366666666667,0.510066666666667
"4:48493011-48493074",-0.851533333333333,0.5627,-20.1745069302824,7.17266190882186e-06,0.000359610943608602,3.89823490759813,"healthy-all",0.136933333333333,0.988466666666667
"17:61926254-61926307",-0.915133333333333,0.457566666666667,-20.1704860029607,7.17953859256824e-06,0.000359610943608602,3.89709380355246,"healthy-all",0,0.915133333333333
"5:132150128-132150164",-0.591933333333333,0.681566666666667,-20.1172313205102,7.27136894051498e-06,0.000363758134911154,3.88195914419195,"healthy-all",0.3856,0.977533333333333
"6:90597327-90597378",-0.7477,0.59345,-20.0805836320147,7.33538473330483e-06,0.00036650530843042,3.87152085849603,"healthy-all",0.2196,0.9673
"13:114524084-114524157",0.660666666666667,0.361733333333333,20.0619676247047,7.36816276176017e-06,0.000367686843344292,3.86621121964507,"healthy-all",0.692066666666667,0.0314
"1:33772826-33772919",-0.493466666666667,0.738233333333333,-20.0259135401512,7.43214764332702e-06,0.000370420814040127,3.85591392202381,"healthy-all",0.4915,0.984966666666667
"20:62272804-62272847",-0.882766666666666,0.52645,-20.0007921738831,7.47712592480953e-06,0.000372201901258349,3.84872815111142,"healthy-all",0.0850666666666667,0.967833333333333
"15:78111116-78111221",-0.5676,0.3279,-19.945696372704,7.5769243150446e-06,0.000376704097643409,3.83293686660483,"healthy-all",0.0441,0.6117
"13:110434494-110434543",0.822133333333333,0.5296,19.8741861397507,7.70885734102204e-06,0.000382790868039826,3.81237599468993,"healthy-all",0.940666666666667,0.118533333333333
"18:55107886-55107945",-0.922866666666667,0.5194,-19.8488493912068,7.75626479152084e-06,0.000384670615048443,3.80507339144393,"healthy-all",0.0579666666666667,0.980833333333333
"8:22446813-22446862",0.825466666666667,0.444933333333333,19.8126045580512,7.82469392889553e-06,0.000387587022399203,3.79461067803436,"healthy-all",0.857666666666667,0.0322
"11:76849187-76849269",-0.7921,0.59035,-19.743037826456,7.9580812302392e-06,0.00039365542783436,3.77447548140031,"healthy-all",0.1943,0.9864
"12:50354938-50355026",-0.748,0.527566666666667,-19.7369036359865,7.96997374928534e-06,0.00039365542783436,3.7726966299087,"healthy-all",0.153566666666667,0.901566666666667
"4:6660417-6660469",-0.6751,0.587116666666667,-19.7335267497119,7.9765297388403e-06,0.00039365542783436,3.77171713299169,"healthy-all",0.249566666666667,0.924666666666667
"19:2250923-2251021",-0.887466666666667,0.5483,-19.7215932189708,7.9997499218016e-06,0.000394318150674262,3.76825436496736,"healthy-all",0.104566666666667,0.992033333333333
"9:96080114-96080174",-0.682466666666667,0.6295,-19.707131141833,8.02799928257933e-06,0.000395226844876225,3.76405508780631,"healthy-all",0.288266666666667,0.970733333333333
"3:51989896-51989966",-0.796733333333334,0.5733,-19.6918207428199,8.05803666251424e-06,0.00039622123862773,3.75960614283833,"healthy-all",0.174933333333333,0.971666666666667
"5:132150165-132150269",-0.822666666666667,0.576333333333333,-19.6854013212706,8.07067112904822e-06,0.00039635853297305,3.75773974183605,"healthy-all",0.165,0.987666666666667
"7:25892474-25892568",-0.875966666666667,0.47705,-19.6606955491037,8.11951913123907e-06,0.00039827180868956,3.75055105680687,"healthy-all",0.0390666666666667,0.915033333333333
"16:68269867-68269915",-0.8301,0.432616666666667,-19.6450748074761,8.15058797968953e-06,0.000399309402104717,3.74600121819105,"healthy-all",0.0175666666666667,0.847666666666667
"12:57869274-57869337",0.782733333333333,0.5155,19.6295224123824,8.18166316262276e-06,0.000400344783987826,3.74146770767918,"healthy-all",0.906866666666667,0.124133333333333
"14:77493139-77493226",0.384333333333333,0.207666666666667,19.6122758979938,8.21629028185494e-06,0.00040155124507352,3.73643618023039,"healthy-all",0.399833333333333,0.0155
"12:58131998-58132021",0.851833333333333,0.486083333333333,19.6005877416763,8.23985777755547e-06,0.000402214924315074,3.73302375341887,"healthy-all",0.912,0.0601666666666667
"8:72460077-72460134",-0.905,0.4549,-19.5420483875765,8.35912570146786e-06,0.000407542797970717,3.71590231298553,"healthy-all",0.0024,0.9074
"2:74743661-74743717",-0.858566666666666,0.49205,-19.5202471692008,8.40407379678e-06,0.00040923876163256,3.70951290327768,"healthy-all",0.0627666666666667,0.921333333333333
"8:141606916-141606998",-0.641333333333334,0.614766666666667,-19.4786349439906,8.49067703623554e-06,0.000412956588075171,3.69729763533076,"healthy-all",0.2941,0.935433333333333
"6:112688100-112688189",-0.3688,0.7681,-19.4653458738253,8.51856024463198e-06,0.000413812954899366,3.69339115991205,"healthy-all",0.5837,0.9525
"3:8809811-8809897",-0.914766666666667,0.516783333333333,-19.4229127079066,8.6083346098727e-06,0.000417252046361169,3.6808996606316,"healthy-all",0.0594,0.974166666666667
"8:57358267-57358300",-0.448166666666667,0.26395,-19.4220939551523,8.61007798480622e-06,0.000417252046361169,3.68065836893954,"healthy-all",0.0398666666666667,0.488033333333333
"12:38550244-38550331",0.675066666666667,0.362666666666667,19.4100944525771,8.63567741496471e-06,0.000417989621608226,3.67712087760612,"healthy-all",0.7002,0.0251333333333333
"17:43198646-43198693",-0.683933333333333,0.6312,-19.3162922992051,8.83898190610323e-06,0.000427316495006822,3.6493925392174,"healthy-all",0.289233333333333,0.973166666666667
"17:1960475-1960595",-0.919,0.5095,-19.3030009832215,8.86825299853556e-06,0.000428217525784203,3.64545274346225,"healthy-all",0.05,0.969
"2:42719886-42719977",-0.791033333333333,0.583716666666667,-19.2796798675374,8.91989491358383e-06,0.000430195315047826,3.63853340658055,"healthy-all",0.1882,0.979233333333333
"10:88149580-88149640",-0.777066666666667,0.586566666666667,-19.2740933676243,8.93231926201529e-06,0.000430279221292605,3.63687466630052,"healthy-all",0.198033333333333,0.9751
"16:88991496-88991580",0.6844,0.4144,19.2164673636664,9.06170258799932e-06,0.000435990232880908,3.6197364527647,"healthy-all",0.7566,0.0722
"6:44244135-44244172",-0.8889,0.518583333333333,-19.2110549976328,9.07397007514937e-06,0.000436059485556492,3.6181241702252,"healthy-all",0.0741333333333333,0.963033333333333
"5:149682777-149682875",-0.8332,0.537833333333333,-19.167305253157,9.17386910843731e-06,0.000440334782915231,3.60507502732858,"healthy-all",0.121233333333333,0.954433333333333
"3:157821994-157822071",-0.726266666666667,0.610066666666667,-19.1427312841372,9.23056237813042e-06,0.000442528544678203,3.59773242027133,"healthy-all",0.246933333333333,0.9732
"18:77724204-77724271",-0.286833333333333,0.842983333333333,-19.0209507618774,9.51781844735959e-06,0.00045575751093177,3.56120619190702,"healthy-all",0.699566666666667,0.9864
"2:45028562-45028622",-0.794166666666666,0.57315,-18.9930687190108,9.58509297205437e-06,0.000458433823132544,3.55281073714301,"healthy-all",0.176066666666667,0.970233333333333
"10:102807849-102807923",-0.759533333333334,0.595466666666667,-18.9693816237343,9.64269586637436e-06,0.00046064176184432,3.54566879196193,"healthy-all",0.2157,0.975233333333333
"17:43318900-43318971",0.857433333333333,0.471216666666667,18.9359318399364,9.72475121160335e-06,0.000463565586396814,3.53556819181932,"healthy-all",0.899933333333333,0.0425
"17:70119981-70120058",-0.676233333333333,0.65155,-18.9350510871905,9.72692310857211e-06,0.000463565586396814,3.53530199785482,"healthy-all",0.313433333333333,0.989666666666667
"4:785691-785759",-0.313733333333334,0.799466666666667,-18.9122110782391,9.78344996097246e-06,0.000465708408248608,3.52839466344992,"healthy-all",0.6426,0.956333333333333
"7:127991744-127991841",-0.880333333333333,0.488066666666667,-18.8577374847146,9.91987078833828e-06,0.00047164476566372,3.51188715830812,"healthy-all",0.0479,0.928233333333333
"11:1578143-1578183",-0.691733333333334,0.637166666666667,-18.8448226698789,9.95254899265705e-06,0.000472640448683127,3.5079665582369,"healthy-all",0.2913,0.983033333333333
"15:89920824-89920917",-0.862566666666667,0.55005,-18.787927342646,1.00980623508238e-05,0.000478985946914047,3.49066284022168,"healthy-all",0.118766666666667,0.981333333333333
"17:43198694-43198758",-0.697533333333333,0.6346,-18.7825246161328,1.01120128484619e-05,0.000479083375788715,3.48901699524409,"healthy-all",0.285833333333333,0.983366666666667
"6:107955845-107955896",-0.807266666666667,0.563,-18.7639868425624,1.0160056292809e-05,0.000480793921231153,3.48336622053468,"healthy-all",0.159366666666667,0.966633333333333
"8:105478744-105478815",-0.7812,0.586033333333333,-18.7163050574237,1.02848985357292e-05,0.000486130456493371,3.468806163921,"healthy-all",0.195433333333333,0.976633333333333
"21:47009971-47010060",-0.878166666666667,0.539016666666667,-18.674075518321,1.03970099145945e-05,0.000490853442286792,3.45588026815398,"healthy-all",0.0999333333333333,0.9781
"19:14584074-14584175",-0.7507,0.583883333333333,-18.6424528216789,1.04819260697067e-05,0.000494282956385431,3.4461820047443,"healthy-all",0.208533333333333,0.959233333333333
"17:70119544-70119608",-0.825833333333333,0.548683333333333,-18.5344533539797,1.07782982622201e-05,0.000507664151248968,3.41293668634254,"healthy-all",0.135766666666667,0.9616
"17:1961028-1961087",-0.874166666666667,0.544083333333333,-18.5281141203493,1.0796005647813e-05,0.000507904139536304,3.41097933265321,"healthy-all",0.107,0.981166666666667
"7:1435060-1435124",0.831233333333333,0.454483333333333,18.5226705765794,1.08112390473438e-05,0.000508027313507099,3.40929801023325,"healthy-all",0.8701,0.0388666666666667
"19:18980187-18980240",-0.5629,0.699583333333333,-18.5078623323176,1.08528100282952e-05,0.000509386378379345,3.40472177879386,"healthy-all",0.418133333333333,0.981033333333333
"10:94180451-94180521",-0.856733333333333,0.484633333333333,-18.4986415312207,1.08787926503389e-05,0.00051001147709173,3.40187041808191,"healthy-all",0.0562666666666667,0.913
"1:151811161-151811262",-0.889666666666667,0.531133333333333,-18.4715581156055,1.09555430321426e-05,0.000513012410985364,3.39348723384329,"healthy-all",0.0863,0.975966666666667
"19:51829900-51829983",-0.6501,0.63145,-18.4607398999152,1.09863822772499e-05,0.000513859001959503,3.39013524838446,"healthy-all",0.3064,0.9565
"5:12322-12413",-0.2367,0.848916666666667,-18.4144272995678,1.11195912914197e-05,0.00051948614953221,3.37576344268223,"healthy-all",0.730566666666667,0.967266666666667
"1:182922101-182922174",-0.848766666666667,0.515883333333333,-18.3980705076727,1.11671022628336e-05,0.000521101245917233,3.3706790254456,"healthy-all",0.0915,0.940266666666667
"2:127414059-127414095",-0.9203,0.46705,-18.3662848604676,1.12601294133943e-05,0.000524834110656019,3.36078583061492,"healthy-all",0.0069,0.9272
"22:20779875-20779995",-0.911566666666667,0.53155,-18.3247246584482,1.13831747088155e-05,0.000529361713103859,3.34782474738637,"healthy-all",0.0757666666666667,0.987333333333333
"14:90991768-90991845",-0.335366666666666,0.81245,-18.3245962147587,1.1383557486726e-05,0.000529361713103859,3.34778464551337,"healthy-all",0.644766666666667,0.980133333333333
"8:105478983-105479021",-0.7935,0.42735,-18.2976488941246,1.14642074419675e-05,0.000532497229406545,3.33936517017171,"healthy-all",0.0306,0.8241
"22:20780408-20780513",-0.755066666666667,0.572166666666667,-18.2708167458959,1.15451968648415e-05,0.00053564127067285,3.33096948558146,"healthy-all",0.194633333333333,0.9497
"19:45737587-45737667",0.797733333333333,0.518033333333333,18.2644001683437,1.15646663880873e-05,0.000535927134769463,3.32895995451736,"healthy-all",0.9169,0.119166666666667
"5:178957704-178957777",-0.8263,0.435183333333333,-18.2402952405435,1.16381607474219e-05,0.000538144806923416,3.32140457854366,"healthy-all",0.0220333333333333,0.848333333333333
"2:74743352-74743399",-0.858833333333334,0.509716666666667,-18.2399402541395,1.16392472704998e-05,0.000538144806923416,3.32129323892315,"healthy-all",0.0803,0.939133333333333
"8:26721761-26721839",-0.811133333333333,0.442966666666667,-18.2093592807248,1.17333077650548e-05,0.0005418716020717,3.3116936263638,"healthy-all",0.0374,0.848533333333333
"12:38551844-38551925",0.889,0.471733333333333,18.1992412529451,1.17646298479115e-05,0.000542695771598219,3.30851398701525,"healthy-all",0.916233333333333,0.0272333333333333
"5:157079018-157079103",-0.8792,0.480066666666667,-18.1660927253355,1.18679539705722e-05,0.000546835668591432,3.2980846472567,"healthy-all",0.0404666666666667,0.919666666666667
"9:129233647-129233703",-0.878266666666666,0.5155,-18.1540867812749,1.19056457023214e-05,0.00054794543780364,3.2943026419961,"healthy-all",0.0763666666666667,0.954633333333333
"16:1035774-1035840",0.817,0.507133333333333,18.1183948969492,1.20185513066469e-05,0.000552510364920065,3.28304468880495,"healthy-all",0.915633333333333,0.0986333333333333
"8:72459783-72459842",-0.916666666666667,0.460866666666667,-18.102733805457,1.20684991557727e-05,0.000554173921895239,3.27809793962959,"healthy-all",0.00253333333333333,0.9192
"16:2229156-2229215",-0.521566666666667,0.723283333333333,-18.0710391038181,1.21703493702835e-05,0.000558214281880054,3.26807382590717,"healthy-all",0.4625,0.984066666666667
"22:39954547-39954635",-0.596833333333333,0.64035,-18.0321242528922,1.22968196446839e-05,0.000563373406042166,3.25574240801157,"healthy-all",0.341933333333333,0.938766666666667
"19:2291490-2291562",0.7494,0.4141,18.002603914678,1.23938143048241e-05,0.000567171927124512,3.24637039706548,"healthy-all",0.7888,0.0394
"17:38473132-38473199",0.8133,0.465983333333333,17.9332905861026,1.2625198750307e-05,0.000577104856837244,3.22430526637691,"healthy-all",0.872633333333333,0.0593333333333333
"17:77786954-77786980",-0.163566666666667,0.0817833333333333,-17.9171681368333,1.26797623102667e-05,0.000578941845801306,3.21916079368766,"healthy-all",0,0.163566666666667
"17:1961088-1961135",-0.6959,0.633883333333333,-17.8732450621083,1.2829857941046e-05,0.000585131607184445,3.20512227280618,"healthy-all",0.285933333333333,0.981833333333333
"21:46238710-46238751",-0.416133333333334,0.771833333333333,-17.8652809741485,1.28573016051499e-05,0.000585719901516959,3.20257317611397,"healthy-all",0.563766666666667,0.9799
"19:1465936-1465992",-0.821366666666667,0.55435,-17.8512108815545,1.29059589492224e-05,0.000587272172705237,3.19806696487055,"healthy-all",0.143666666666667,0.965033333333333
"22:49912138-49912236",0.8367,0.513516666666667,17.823550233179,1.30022628480019e-05,0.000590986599494226,3.18919789650393,"healthy-all",0.931866666666667,0.0951666666666667
"7:26192663-26192733",-0.835266666666667,0.516633333333333,-17.809514053377,1.30514621495059e-05,0.000592554038582583,3.18469216168651,"healthy-all",0.099,0.934266666666667
"19:7706642-7706720",0.625866666666667,0.6489,17.7392086186678,1.3301292831546e-05,0.000602714196217267,3.16207066334335,"healthy-all",0.961833333333333,0.335966666666667
"9:139739470-139739549",-0.750233333333333,0.588116666666667,-17.7381271883919,1.33051804136264e-05,0.000602714196217267,3.16172201188471,"healthy-all",0.213,0.963233333333333
"20:30640256-30640311",-0.134633333333333,0.0717833333333333,-17.7279781844504,1.33417312831878e-05,0.0006035801601557,3.1584489667694,"healthy-all",0.00446666666666667,0.1391
"15:101084961-101084993",-0.5473,0.654616666666667,-17.7245034948224,1.33542728687822e-05,0.0006035801601557,3.15732795770528,"healthy-all",0.380966666666667,0.928266666666667
"17:76128621-76128704",-0.723566666666666,0.527216666666667,-17.7194800467804,1.33724296491003e-05,0.00060372322242031,3.15570690292568,"healthy-all",0.165433333333333,0.889
"4:81123566-81123612",-0.9054,0.4724,-17.7139669438746,1.33923904391342e-05,0.000603947318448348,3.15392731601721,"healthy-all",0.0197,0.9251
"5:140872110-140872180",-0.8514,0.5462,-17.67739096015,1.35257295179761e-05,0.000609278135814783,3.14210702369171,"healthy-all",0.1205,0.9719
"20:62369656-62369728",-0.760966666666667,0.504516666666667,-17.6544047825634,1.36103440497696e-05,0.000612404653886339,3.13466621637171,"healthy-all",0.124033333333333,0.885
"1:3342108-3342199",0.559566666666667,0.70435,17.6126634051329,1.37656327907694e-05,0.000618700667541378,3.12112975375188,"healthy-all",0.984133333333333,0.424566666666667
"10:135048908-135048973",-0.0976333333333333,0.0488166666666667,-17.601069530129,1.38091427131997e-05,0.000619964310148569,3.11736432311145,"healthy-all",0,0.0976333333333333
"12:54400459-54400515",-0.831933333333333,0.4942,-17.5700633252566,1.39263194647485e-05,0.000624528742945309,3.10728218151103,"healthy-all",0.0782333333333333,0.910166666666667
"2:636430-636471",-0.280333333333333,0.837666666666667,-17.5185181361026,1.41237748840143e-05,0.000632679130538534,3.09048261731579,"healthy-all",0.6975,0.977833333333333
"15:90029932-90030008",-0.800833333333333,0.515383333333333,-17.5105331776592,1.41546635571711e-05,0.000633358284567596,3.08787581146555,"healthy-all",0.114966666666667,0.9158
"22:50010097-50010168",0.597633333333333,0.674183333333333,17.4293243801212,1.44734706430068e-05,0.000646904701736432,3.06129731973101,"healthy-all",0.973,0.375366666666667
"1:3567852-3567910",-0.649333333333333,0.561766666666667,-17.3551083931287,1.47724085135858e-05,0.000659533994734603,3.03690063015783,"healthy-all",0.2371,0.886433333333333
"X:518251-518363",0.792033333333333,0.461083333333333,17.3244178496356,1.48981961855999e-05,0.000664413353920593,3.026781840896,"healthy-all",0.8571,0.0650666666666667
"3:13323905-13323949",-0.891733333333333,0.480666666666667,-17.3044247785295,1.4980832788419e-05,0.000667359642945156,3.02018055666165,"healthy-all",0.0348,0.926533333333333
"2:20646212-20646258",-0.7112,0.3556,-17.286905863022,1.50536967288011e-05,0.000669864553553095,3.01439001425813,"healthy-all",0,0.7112
"19:2611690-2611756",0.297033333333333,0.715183333333333,17.2711876236487,1.51194345255532e-05,0.000671682984968014,3.00918973531853,"healthy-all",0.8637,0.566666666666667
"10:65801396-65801470",-0.7373,0.563416666666667,-17.2691646900348,1.51279200259737e-05,0.000671682984968014,3.00852012255534,"healthy-all",0.194766666666667,0.932066666666667
"2:121344927-121344961",-0.853633333333333,0.43345,-17.2238938435607,1.53193228362929e-05,0.000679432213590695,2.99351476850902,"healthy-all",0.00663333333333333,0.860266666666667
"12:52627103-52627172",-0.892366666666666,0.508283333333333,-17.2008473944408,1.54178807574533e-05,0.000683051128694611,2.98586094823109,"healthy-all",0.0621,0.954466666666667
"18:55094904-55094941",-0.8452,0.504133333333333,-17.1868958752773,1.5477915008079e-05,0.000684549852209892,2.98122269006964,"healthy-all",0.0815333333333333,0.926733333333333
"19:3320360-3320419",0.388233333333333,0.211516666666667,17.1850897969575,1.54857072176805e-05,0.000684549852209892,2.9806219789198,"healthy-all",0.405633333333333,0.0174
"4:6665672-6665716",-0.6438,0.631966666666667,-17.160140227374,1.55938349603892e-05,0.000688573824221307,2.9723172636451,"healthy-all",0.310066666666667,0.953866666666667
"3:123166795-123166839",-0.7448,0.600766666666667,-17.0729598890332,1.5978862277844e-05,0.00070480258794201,2.94320492575761,"healthy-all",0.228366666666667,0.973166666666667
"17:4803625-4803687",-0.727366666666666,0.615083333333333,-17.0520669719179,1.60728271842895e-05,0.000708171579363811,2.93620640511983,"healthy-all",0.2514,0.978766666666667
"17:74533287-74533362",0.488766666666667,0.277316666666667,17.0453475424574,1.61031886769176e-05,0.000708733892030765,2.93395380076081,"healthy-all",0.5217,0.0329333333333333
"12:58014709-58014771",-0.8585,0.433283333333333,-17.0017834458507,1.63017139158394e-05,0.000716688123476823,2.91932828842849,"healthy-all",0.00403333333333333,0.862533333333333
"12:52627173-52627252",-0.8949,0.46985,-16.9957395746136,1.63294883422627e-05,0.000717126308649138,2.91729630871016,"healthy-all",0.0224,0.9173
"1:156358322-156358348",-0.820733333333333,0.423266666666667,-16.9868583217495,1.63704052305331e-05,0.000718140075205665,2.91430909906065,"healthy-all",0.0129,0.833633333333333
"7:158362900-158362968",-0.6051,0.674583333333333,-16.980275062859,1.64008146242664e-05,0.000718691192311024,2.91209382968753,"healthy-all",0.372033333333333,0.977133333333333
"3:184321996-184322074",-0.855533333333333,0.4298,-16.9505619944496,1.65389136472415e-05,0.000723954990747896,2.90208486411806,"healthy-all",0.00203333333333333,0.857566666666667
"12:53227337-53227434",0.311,0.821166666666667,16.939194813347,1.6592115172769e-05,0.000725495190143954,2.89825122700137,"healthy-all",0.976666666666667,0.665666666666667
"19:50779378-50779458",0.817266666666667,0.482666666666667,16.9309856278834,1.66306644647273e-05,0.000726392070129102,2.89548106817709,"healthy-all",0.8913,0.0740333333333333
"9:130517524-130517614",0.8154,0.47,16.9212830690821,1.66763654633788e-05,0.000727599039627007,2.89220527527207,"healthy-all",0.8777,0.0623
"1:203045632-203045715",-0.8698,0.483933333333333,-16.901738598617,1.67688833555258e-05,0.000730843832911665,2.88560103881739,"healthy-all",0.0490333333333333,0.918833333333333
"14:105527491-105527568",-0.7793,0.446683333333333,-16.8853546138739,1.68469164987002e-05,0.000733450999263953,2.88005897750329,"healthy-all",0.0570333333333333,0.836333333333333
"2:66673239-66673325",-0.9044,0.510066666666667,-16.8793117746818,1.68758073658102e-05,0.000733915376272723,2.87801358881566,"healthy-all",0.0578666666666667,0.962266666666667
"17:25676608-25676690",-0.574866666666666,0.682633333333333,-16.8524944824189,1.70047424552423e-05,0.000738724901202871,2.86892775370287,"healthy-all",0.3952,0.970066666666667
"1:208132575-208132684",-0.906766666666667,0.460316666666667,-16.8454450894709,1.70388317673984e-05,0.000739408183302695,2.86653702830493,"healthy-all",0.00693333333333333,0.9137
"16:29086221-29086281",-0.895166666666667,0.49885,-16.8072266421898,1.72250852820701e-05,0.000746686124213397,2.85355854195766,"healthy-all",0.0512666666666667,0.946433333333333
"17:70120107-70120163",-0.660233333333333,0.618116666666667,-16.7921331595713,1.7299315751753e-05,0.000749097574880478,2.84842501469524,"healthy-all",0.288,0.948233333333333
"15:23892777-23892847",0.514966666666667,0.29525,16.7647142208878,1.74351503318337e-05,0.000754168570368716,2.83908781784215,"healthy-all",0.552733333333333,0.0377666666666667
"10:72014862-72014912",-0.632966666666667,0.622916666666667,-16.7275798963982,1.76211666835664e-05,0.000761396999478437,2.82641825264611,"healthy-all",0.306433333333333,0.9394
"20:57267528-57267595",-0.327366666666666,0.81155,-16.7217902439351,1.76503833673768e-05,0.000761842002773451,2.82444044199349,"healthy-all",0.647866666666667,0.975233333333333
"7:27153225-27153299",0.804566666666667,0.48915,16.6999273890768,1.7761238041894e-05,0.000765806014116823,2.81696578365877,"healthy-all",0.891433333333333,0.0868666666666667
"13:112770146-112770220",0.8013,0.505983333333333,16.6577075854573,1.79776914877329e-05,0.000774309747489295,2.80250412658546,"healthy-all",0.906633333333333,0.105333333333333
"14:106854856-106854939",0.727533333333333,0.4222,16.6190006337485,1.8178928697326e-05,0.000782140638429505,2.78921413100391,"healthy-all",0.785966666666667,0.0584333333333333
"6:28584129-28584205",-0.847866666666667,0.547333333333333,-16.6129887138638,1.82104272109341e-05,0.000782464947377948,2.78714722252693,"healthy-all",0.1234,0.971266666666667
"3:184301792-184301891",-0.808166666666667,0.404083333333333,-16.6101493511931,1.82253264294533e-05,0.000782464947377948,2.78617078986165,"healthy-all",0,0.808166666666667
"18:44773067-44773142",-0.304,0.1814,-16.5911800142566,1.83252428585931e-05,0.000785916778656445,2.77964319667294,"healthy-all",0.0294,0.3334
"11:64480232-64480280",-0.813433333333333,0.416116666666667,-16.5625985791711,1.84770359660583e-05,0.000791583739775676,2.76979413391794,"healthy-all",0.0094,0.822833333333333
"6:74058777-74058834",-0.4501,0.694283333333333,-16.5207332418083,1.87021181124362e-05,0.000800375131249646,2.75533738673274,"healthy-all",0.469233333333333,0.919333333333333
"5:176170182-176170278",-0.8533,0.483616666666667,-16.5018772362523,1.88045708313513e-05,0.000803905384234979,2.74881439276711,"healthy-all",0.0569666666666667,0.910266666666667
"6:16217112-16217171",-0.751233333333333,0.510483333333333,-16.4613754287764,1.90269259873706e-05,0.000811690176782568,2.7347785981733,"healthy-all",0.134866666666667,0.8861
"8:8559811-8559904",-0.8969,0.519116666666667,-16.4613655909617,1.90269803799941e-05,0.000811690176782568,2.73477518479857,"healthy-all",0.0706666666666667,0.967566666666667
"1:17019258-17019322",-0.800266666666666,0.531533333333333,-16.4318484323387,1.91910242798829e-05,0.000817821945793825,2.72452476866684,"healthy-all",0.1314,0.931666666666667
"19:40729257-40729347",-0.903566666666667,0.50875,-16.3975396257025,1.93838410224066e-05,0.000824299333435833,2.71258768262958,"healthy-all",0.0569666666666667,0.960533333333333
"14:101158251-101158319",0.797066666666667,0.469733333333333,16.397518513807,1.93839603874682e-05,0.000824299333435833,2.7125803296303,"healthy-all",0.868266666666667,0.0712
"2:24397860-24397903",-0.6587,0.632516666666667,-16.3815646999811,1.94744153571083e-05,0.000826471610662015,2.70702117264873,"healthy-all",0.303166666666667,0.961866666666667
"20:62097609-62097658",-0.225833333333333,0.845816666666667,-16.3812704491575,1.94760884636153e-05,0.000826471610662015,2.70691859026209,"healthy-all",0.7329,0.958733333333333
"7:4304925-4304973",-0.8111,0.47305,-16.3541405055651,1.96310945339237e-05,0.000832172429448045,2.69745273240731,"healthy-all",0.0675,0.8786
"1:26757965-26758032",-0.5629,0.651416666666667,-16.3276492926974,1.97838852029513e-05,0.000837767445854944,2.68819489508631,"healthy-all",0.369966666666667,0.932866666666667
"14:105640967-105641023",-0.8018,0.543766666666667,-16.3091563387957,1.9891393245872e-05,0.000841435186349279,2.68172348159122,"healthy-all",0.142866666666667,0.944666666666667
"5:180700563-180700605",-0.7319,0.607216666666667,-16.3003115045257,1.99430606740556e-05,0.000842025743599785,2.6786257875128,"healthy-all",0.241266666666667,0.973166666666667
"11:370181-370258",0.183033333333333,0.105083333333333,16.2996088974991,1.99471718952645e-05,0.000842025743599785,2.67837964552932,"healthy-all",0.1966,0.0135666666666667
"17:79315332-79315384",-0.813233333333333,0.458316666666667,-16.2829098269034,2.00451852015003e-05,0.000845277123821592,2.67252645921075,"healthy-all",0.0517,0.864933333333333
"22:51142822-51142873",-0.382233333333333,0.766983333333333,-16.2263153815177,2.03816959811434e-05,0.000858568283322829,2.65264580379157,"healthy-all",0.575866666666667,0.9581
"18:33767977-33768062",-0.7635,0.559883333333333,-16.2172818902568,2.04360359461565e-05,0.000859463487206358,2.64946622045901,"healthy-all",0.178133333333333,0.941633333333333
"3:184056553-184056635",0.750033333333333,0.39735,16.2156897459428,2.0445631366087e-05,0.000859463487206358,2.64890564241973,"healthy-all",0.772366666666667,0.0223333333333333
"19:54445360-54445439",-0.830566666666666,0.517916666666667,-16.1826503161762,2.06459793543159e-05,0.000866980432302041,2.63726063145702,"healthy-all",0.102633333333333,0.9332
"16:46569363-46569459",0.587,0.612066666666667,16.1579411804495,2.07973576957622e-05,0.000872427491422958,2.62853650086701,"healthy-all",0.905566666666667,0.318566666666667
"17:42432264-42432303",-0.405666666666667,0.773066666666667,-16.1412691737224,2.09002517424625e-05,0.000875831465057968,2.62264269467515,"healthy-all",0.570233333333333,0.9759
"2:74668924-74668991",-0.839866666666667,0.557333333333333,-16.1318814066018,2.09584593234583e-05,0.000877357708331589,2.61932135882787,"healthy-all",0.1374,0.977266666666667
"6:2450894-2450932",0.8216,0.439233333333333,16.1070915078021,2.11131054272765e-05,0.0008829136746229,2.61054175494246,"healthy-all",0.850033333333333,0.0284333333333333
"1:214153409-214153474",-0.900266666666666,0.531633333333333,-16.1011743278935,2.11502210434945e-05,0.000883548290085648,2.60844417175747,"healthy-all",0.0815,0.981766666666667
"9:21695832-21695904",0.417466666666666,0.7399,16.0889373514764,2.12272269384541e-05,0.000885846275687551,2.60410389165289,"healthy-all",0.948633333333333,0.531166666666667
"3:50425679-50425770",0.824233333333333,0.485083333333333,16.0684241448217,2.135707200684e-05,0.000890342284459063,2.59682091274724,"healthy-all",0.8972,0.0729666666666667
"7:1297127-1297176",0.5575,0.35825,16.0344550615179,2.15741975516596e-05,0.000898463815514876,2.58474058632136,"healthy-all",0.637,0.0795
"1:201253196-201253286",-0.747866666666667,0.6117,-15.9975013276581,2.18134227886231e-05,0.000907487963967606,2.57157042383728,"healthy-all",0.237766666666667,0.985633333333333
"17:6755643-6755712",0.837466666666667,0.526533333333333,15.9829089531063,2.19087663776066e-05,0.000910513860467075,2.5663615782822,"healthy-all",0.945266666666667,0.1078
"9:139739962-139740061",-0.716233333333333,0.620216666666667,-15.9638932748475,2.20337641152481e-05,0.000913982335987675,2.55956683418008,"healthy-all",0.2621,0.978333333333333
"20:2732907-2732961",-0.853033333333333,0.43325,-15.9605992576293,2.20555040798671e-05,0.000913982335987675,2.55838900248577,"healthy-all",0.00673333333333333,0.859766666666667
"14:95826830-95826904",-0.840066666666667,0.548133333333333,-15.9598712710638,2.20603121496864e-05,0.000913982335987675,2.55812866653733,"healthy-all",0.1281,0.968166666666667
"22:36960350-36960413",-0.721633333333333,0.536716666666667,-15.929465617028,2.22622602471451e-05,0.000921401317998747,2.54724490887913,"healthy-all",0.1759,0.897533333333333
"7:157481704-157481758",-0.7123,0.393283333333333,-15.9219990727188,2.23121910306596e-05,0.000922519758722476,2.54456914568871,"healthy-all",0.0371333333333333,0.749433333333333
"11:67803762-67803862",-0.167133333333333,0.868066666666667,-15.896454752278,2.24840342982946e-05,0.000928671328437561,2.53540563523226,"healthy-all",0.7845,0.951633333333333
"11:68778552-68778586",-0.894633333333334,0.454583333333333,-15.8773822178123,2.26133786592881e-05,0.000933056733594456,2.52855437507582,"healthy-all",0.00726666666666667,0.9019
"22:42470254-42470358",-0.8686,0.4362,-15.8349072225458,2.29046613700467e-05,0.000944108104435158,2.51326756082613,"healthy-all",0.0019,0.8705
"11:627356-627442",-0.808333333333333,0.518766666666667,-15.8058659025304,2.31064182511264e-05,0.000951450479950013,2.50279251031884,"healthy-all",0.1146,0.922933333333333
"19:55997777-55997829",0.787733333333333,0.5046,15.7877034162546,2.32336837835462e-05,0.000954998968893917,2.49623185483888,"healthy-all",0.898466666666667,0.110733333333333
"1:35258657-35258720",-0.541366666666667,0.290316666666667,-15.7868017730561,2.32400235781589e-05,0.000954998968893917,2.49590597148496,"healthy-all",0.0196333333333333,0.561
"6:74024484-74024571",-0.703533333333333,0.558833333333333,-15.7757754222966,2.33177225496281e-05,0.00095633666765917,2.49191921907811,"healthy-all",0.207066666666667,0.9106
"15:45328133-45328216",-0.601166666666667,0.647716666666667,-15.7754427392631,2.33200717052297e-05,0.00095633666765917,2.49179889002573,"healthy-all",0.347133333333333,0.9483
"13:23500590-23500629",-0.8413,0.42255,-15.7716887748262,2.33465990924306e-05,0.000956450551425506,2.49044093670924,"healthy-all",0.0019,0.8432
"18:57636827-57636868",-0.5825,0.674916666666667,-15.7600801769313,2.34288611532438e-05,0.0009588451905511,2.4862396658267,"healthy-all",0.383666666666667,0.966166666666667
"7:4901427-4901502",-0.823666666666666,0.572566666666667,-15.6797394415812,2.40078343039813e-05,0.000981542634777292,2.45708059392934,"healthy-all",0.160733333333333,0.9844
"17:78451195-78451292",-0.0666666666666667,0.0333333333333333,-15.6656907525709,2.4110835061806e-05,0.000984753994699787,2.45196677708132,"healthy-all",0,0.0666666666666667
"4:2062020-2062053",-0.135166666666667,0.0776833333333333,-15.6252853819565,2.44100507014851e-05,0.000995964692805984,2.43723401323337,"healthy-all",0.0101,0.145266666666667
